epoch,capsnet_accuracy,capsnet_loss,decoder_loss,loss,val_capsnet_accuracy,val_capsnet_loss,val_decoder_loss,val_loss
0,0.4950000047683716,0.4029974639415741,59.64762878417969,23.784875869750977,0.5,0.40480685234069824,60.64643859863281,24.178205490112305
